{
    "info": {
      "name": "Project Management API",
      "description": "A RESTful API for managing projects, tasks, and users within an organization.",
      "schema": "https://schema.getpostman.com/json/collection/v2.1.0/collection.json"
    },
    "item": [
      {
        "name": "Projects",
        "item": [
          {
            "name": "Create Project",
            "request": {
              "method": "POST",
              "header": [
                {
                  "key": "Content-Type",
                  "value": "application/json"
                }
              ],
              "url": {
                "raw": "http://localhost:5000/api/projects",
                "host": ["http://localhost:5000"],
                "path": ["api", "projects"]
              },
              "body": {
                "mode": "raw",
                "raw": "{\n  \"name\": \"Project 1\",\n  \"description\": \"Description of Project 1\",\n  \"startDate\": \"2025-01-01\",\n  \"endDate\": \"2025-03-01\",\n  \"status\": \"Active\"\n}"
              }
            }
          },
          {
            "name": "Get All Projects",
            "request": {
              "method": "GET",
              "url": {
                "raw": "http://localhost:5000/api/projects?page=1&limit=10",
                "host": ["http://localhost:5000"],
                "path": ["api", "projects"],
                "query": [
                  { "key": "page", "value": "1" },
                  { "key": "limit", "value": "10" }
                ]
              }
            }
          },
          {
            "name": "Get Project by ID",
            "request": {
              "method": "GET",
              "url": {
                "raw": "http://localhost:5000/api/projects/:id",
                "host": ["http://localhost:5000"],
                "path": ["api", "projects", ":id"]
              }
            }
          },
          {
            "name": "Update Project",
            "request": {
              "method": "PUT",
              "header": [
                {
                  "key": "Content-Type",
                  "value": "application/json"
                }
              ],
              "url": {
                "raw": "http://localhost:5000/api/projects/:id",
                "host": ["http://localhost:5000"],
                "path": ["api", "projects", ":id"]
              },
              "body": {
                "mode": "raw",
                "raw": "{\n  \"name\": \"Updated Project Name\",\n  \"status\": \"On Hold\"\n}"
              }
            }
          },
          {
            "name": "Delete Project",
            "request": {
              "method": "DELETE",
              "url": {
                "raw": "http://localhost:5000/api/projects/:id",
                "host": ["http://localhost:5000"],
                "path": ["api", "projects", ":id"]
              }
            }
          }
        ]
      },
      {
        "name": "Tasks",
        "item": [
          {
            "name": "Create Task",
            "request": {
              "method": "POST",
              "header": [
                {
                  "key": "Content-Type",
                  "value": "application/json"
                }
              ],
              "url": {
                "raw": "http://localhost:5000/api/tasks",
                "host": ["http://localhost:5000"],
                "path": ["api", "tasks"]
              },
              "body": {
                "mode": "raw",
                "raw": "{\n  \"projectId\": \"64b2fae4f87a9b1a8c2f3405\",\n  \"name\": \"Task 1\",\n  \"description\": \"Description of Task 1\",\n  \"assignedTo\": \"64b2fae4f87a9b1a8c2f3406\",\n  \"dueDate\": \"2025-02-15\",\n  \"status\": \"Pending\"\n}"
              }
            }
          },
          {
            "name": "Get All Tasks",
            "request": {
              "method": "GET",
              "url": {
                "raw": "http://localhost:5000/api/tasks?page=1&limit=10&projectId=64b2fae4f87a9b1a8c2f3405",
                "host": ["http://localhost:5000"],
                "path": ["api", "tasks"],
                "query": [
                  { "key": "page", "value": "1" },
                  { "key": "limit", "value": "10" },
                  { "key": "projectId", "value": "64b2fae4f87a9b1a8c2f3405" }
                ]
              }
            }
          },
          {
            "name": "Get Task by ID",
            "request": {
              "method": "GET",
              "url": {
                "raw": "http://localhost:5000/api/tasks/:id",
                "host": ["http://localhost:5000"],
                "path": ["api", "tasks", ":id"]
              }
            }
          },
          {
            "name": "Update Task",
            "request": {
              "method": "PUT",
              "header": [
                {
                  "key": "Content-Type",
                  "value": "application/json"
                }
              ],
              "url": {
                "raw": "http://localhost:5000/api/tasks/:id",
                "host": ["http://localhost:5000"],
                "path": ["api", "tasks", ":id"]
              },
              "body": {
                "mode": "raw",
                "raw": "{\n  \"status\": \"Completed\"\n}"
              }
            }
          },
          {
            "name": "Delete Task",
            "request": {
              "method": "DELETE",
              "url": {
                "raw": "http://localhost:5000/api/tasks/:id",
                "host": ["http://localhost:5000"],
                "path": ["api", "tasks", ":id"]
              }
            }
          }
        ]
      },
      {
        "name": "Users",
        "item": [
          {
            "name": "Create User",
            "request": {
              "method": "POST",
              "header": [
                {
                  "key": "Content-Type",
                  "value": "application/json"
                }
              ],
              "url": {
                "raw": "http://localhost:5000/api/users",
                "host": ["http://localhost:5000"],
                "path": ["api", "users"]
              },
              "body": {
                "mode": "raw",
                "raw": "{\n  \"name\": \"John Doe\",\n  \"email\": \"johndoe@example.com\"\n}"
              }
            }
          },
          {
            "name": "Get All Users",
            "request": {
              "method": "GET",
              "url": {
                "raw": "http://localhost:5000/api/users?page=1&limit=10",
                "host": ["http://localhost:5000"],
                "path": ["api", "users"],
                "query": [
                  { "key": "page", "value": "1" },
                  { "key": "limit", "value": "10" }
                ]
              }
            }
          },
          {
            "name": "Get User by ID",
            "request": {
              "method": "GET",
              "url": {
                "raw": "http://localhost:5000/api/users/:id",
                "host": ["http://localhost:5000"],
                "path": ["api", "users", ":id"]
              }
            }
          },
          {
            "name": "Update User",
            "request": {
              "method": "PUT",
              "header": [
                {
                  "key": "Content-Type",
                  "value": "application/json"
                }
              ],
              "url": {
                "raw": "http://localhost:5000/api/users/:id",
                "host": ["http://localhost:5000"],
                "path": ["api", "users", ":id"]
              },
              "body": {
                "mode": "raw",
                "raw": "{\n  \"name\": \"Updated User Name\"\n}"
              }
            }
          },
          {
            "name": "Delete User",
            "request": {
              "method": "DELETE",
              "url": {
                "raw": "http://localhost:5000/api/users/:id",
                "host": ["http://localhost:5000"],
                "path": ["api", "users", ":id"]
              }
            }
          }
        ]
      }
    ]
  }
  